,time,lat,lon,height,tas
0,2015-01-16 12:00:00,33.5,296.875,2.0,287.56973
1,2015-02-15 00:00:00,33.5,296.875,2.0,288.29272
2,2015-03-16 12:00:00,33.5,296.875,2.0,288.42456
3,2015-04-16 00:00:00,33.5,296.875,2.0,289.49274
4,2015-05-16 12:00:00,33.5,296.875,2.0,291.61053
5,2015-06-16 00:00:00,33.5,296.875,2.0,294.0739
6,2015-07-16 12:00:00,33.5,296.875,2.0,298.12805
7,2015-08-16 12:00:00,33.5,296.875,2.0,299.21017
8,2015-09-16 00:00:00,33.5,296.875,2.0,298.70172
9,2015-10-16 12:00:00,33.5,296.875,2.0,296.4045
10,2015-11-16 00:00:00,33.5,296.875,2.0,292.12085
11,2015-12-16 12:00:00,33.5,296.875,2.0,288.57587
12,2016-01-16 12:00:00,33.5,296.875,2.0,287.3945
13,2016-02-15 00:00:00,33.5,296.875,2.0,285.86935
14,2016-03-16 12:00:00,33.5,296.875,2.0,288.97754
15,2016-04-16 00:00:00,33.5,296.875,2.0,290.75018
16,2016-05-16 12:00:00,33.5,296.875,2.0,294.05377
17,2016-06-16 00:00:00,33.5,296.875,2.0,294.01437
18,2016-07-16 12:00:00,33.5,296.875,2.0,297.2697
19,2016-08-16 12:00:00,33.5,296.875,2.0,299.21042
20,2016-09-16 00:00:00,33.5,296.875,2.0,297.8548
21,2016-10-16 12:00:00,33.5,296.875,2.0,295.17093
22,2016-11-16 00:00:00,33.5,296.875,2.0,292.30298
23,2016-12-16 12:00:00,33.5,296.875,2.0,290.64743
24,2017-01-16 12:00:00,33.5,296.875,2.0,288.70923
25,2017-02-15 00:00:00,33.5,296.875,2.0,288.2452
26,2017-03-16 12:00:00,33.5,296.875,2.0,289.61093
27,2017-04-16 00:00:00,33.5,296.875,2.0,290.4586
28,2017-05-16 12:00:00,33.5,296.875,2.0,292.28168
29,2017-06-16 00:00:00,33.5,296.875,2.0,295.39917
30,2017-07-16 12:00:00,33.5,296.875,2.0,298.10275
31,2017-08-16 12:00:00,33.5,296.875,2.0,299.85806
32,2017-09-16 00:00:00,33.5,296.875,2.0,299.05353
33,2017-10-16 12:00:00,33.5,296.875,2.0,295.22485
34,2017-11-16 00:00:00,33.5,296.875,2.0,293.16565
35,2017-12-16 12:00:00,33.5,296.875,2.0,289.97427
36,2018-01-16 12:00:00,33.5,296.875,2.0,288.94073
37,2018-02-15 00:00:00,33.5,296.875,2.0,288.94073
38,2018-03-16 12:00:00,33.5,296.875,2.0,288.5077
39,2018-04-16 00:00:00,33.5,296.875,2.0,289.86734
40,2018-05-16 12:00:00,33.5,296.875,2.0,293.3941
41,2018-06-16 00:00:00,33.5,296.875,2.0,296.81955
42,2018-07-16 12:00:00,33.5,296.875,2.0,299.2884
43,2018-08-16 12:00:00,33.5,296.875,2.0,299.11578
44,2018-09-16 00:00:00,33.5,296.875,2.0,296.76657
45,2018-10-16 12:00:00,33.5,296.875,2.0,294.21185
46,2018-11-16 00:00:00,33.5,296.875,2.0,292.2522
47,2018-12-16 12:00:00,33.5,296.875,2.0,289.99472
48,2019-01-16 12:00:00,33.5,296.875,2.0,287.47363
49,2019-02-15 00:00:00,33.5,296.875,2.0,288.43155
50,2019-03-16 12:00:00,33.5,296.875,2.0,288.05646
51,2019-04-16 00:00:00,33.5,296.875,2.0,290.66745
52,2019-05-16 12:00:00,33.5,296.875,2.0,291.93176
53,2019-06-16 00:00:00,33.5,296.875,2.0,296.2306
54,2019-07-16 12:00:00,33.5,296.875,2.0,298.06442
55,2019-08-16 12:00:00,33.5,296.875,2.0,299.24194
56,2019-09-16 00:00:00,33.5,296.875,2.0,298.1539
57,2019-10-16 12:00:00,33.5,296.875,2.0,295.5786
58,2019-11-16 00:00:00,33.5,296.875,2.0,293.20468
59,2019-12-16 12:00:00,33.5,296.875,2.0,290.3852
60,2020-01-16 12:00:00,33.5,296.875,2.0,289.63757
61,2020-02-15 00:00:00,33.5,296.875,2.0,290.55392
62,2020-03-16 12:00:00,33.5,296.875,2.0,288.68234
63,2020-04-16 00:00:00,33.5,296.875,2.0,289.93912
64,2020-05-16 12:00:00,33.5,296.875,2.0,292.1668
65,2020-06-16 00:00:00,33.5,296.875,2.0,295.7027
66,2020-07-16 12:00:00,33.5,296.875,2.0,298.5694
67,2020-08-16 12:00:00,33.5,296.875,2.0,299.41296
68,2020-09-16 00:00:00,33.5,296.875,2.0,298.44656
69,2020-10-16 12:00:00,33.5,296.875,2.0,296.16254
70,2020-11-16 00:00:00,33.5,296.875,2.0,292.18274
71,2020-12-16 12:00:00,33.5,296.875,2.0,290.1765
72,2021-01-16 12:00:00,33.5,296.875,2.0,289.28256
73,2021-02-15 00:00:00,33.5,296.875,2.0,289.6542
74,2021-03-16 12:00:00,33.5,296.875,2.0,290.7727
75,2021-04-16 00:00:00,33.5,296.875,2.0,290.41443
76,2021-05-16 12:00:00,33.5,296.875,2.0,291.9783
77,2021-06-16 00:00:00,33.5,296.875,2.0,294.86206
78,2021-07-16 12:00:00,33.5,296.875,2.0,297.89993
79,2021-08-16 12:00:00,33.5,296.875,2.0,298.85568
80,2021-09-16 00:00:00,33.5,296.875,2.0,297.59473
81,2021-10-16 12:00:00,33.5,296.875,2.0,295.09387
82,2021-11-16 00:00:00,33.5,296.875,2.0,291.92627
83,2021-12-16 12:00:00,33.5,296.875,2.0,289.57593
84,2022-01-16 12:00:00,33.5,296.875,2.0,288.96985
85,2022-02-15 00:00:00,33.5,296.875,2.0,289.61588
86,2022-03-16 12:00:00,33.5,296.875,2.0,288.66602
87,2022-04-16 00:00:00,33.5,296.875,2.0,290.5571
88,2022-05-16 12:00:00,33.5,296.875,2.0,292.05276
89,2022-06-16 00:00:00,33.5,296.875,2.0,295.31537
90,2022-07-16 12:00:00,33.5,296.875,2.0,299.09134
91,2022-08-16 12:00:00,33.5,296.875,2.0,299.8289
92,2022-09-16 00:00:00,33.5,296.875,2.0,298.1416
93,2022-10-16 12:00:00,33.5,296.875,2.0,295.08542
94,2022-11-16 00:00:00,33.5,296.875,2.0,292.38898
95,2022-12-16 12:00:00,33.5,296.875,2.0,289.56842
96,2023-01-16 12:00:00,33.5,296.875,2.0,289.22556
97,2023-02-15 00:00:00,33.5,296.875,2.0,288.88135
98,2023-03-16 12:00:00,33.5,296.875,2.0,288.24564
99,2023-04-16 00:00:00,33.5,296.875,2.0,288.95895
100,2023-05-16 12:00:00,33.5,296.875,2.0,292.45413
101,2023-06-16 00:00:00,33.5,296.875,2.0,295.47116
102,2023-07-16 12:00:00,33.5,296.875,2.0,297.84924
103,2023-08-16 12:00:00,33.5,296.875,2.0,299.91724
104,2023-09-16 00:00:00,33.5,296.875,2.0,296.96204
105,2023-10-16 12:00:00,33.5,296.875,2.0,295.0387
106,2023-11-16 00:00:00,33.5,296.875,2.0,292.43277
107,2023-12-16 12:00:00,33.5,296.875,2.0,290.78055
108,2024-01-16 12:00:00,33.5,296.875,2.0,289.56934
109,2024-02-15 00:00:00,33.5,296.875,2.0,288.65366
110,2024-03-16 12:00:00,33.5,296.875,2.0,289.14243
111,2024-04-16 00:00:00,33.5,296.875,2.0,289.0841
112,2024-05-16 12:00:00,33.5,296.875,2.0,291.96277
113,2024-06-16 00:00:00,33.5,296.875,2.0,296.36295
114,2024-07-16 12:00:00,33.5,296.875,2.0,297.96695
115,2024-08-16 12:00:00,33.5,296.875,2.0,299.45758
116,2024-09-16 00:00:00,33.5,296.875,2.0,298.1203
117,2024-10-16 12:00:00,33.5,296.875,2.0,295.68524
118,2024-11-16 00:00:00,33.5,296.875,2.0,292.42175
119,2024-12-16 12:00:00,33.5,296.875,2.0,290.0474
120,2025-01-16 12:00:00,33.5,296.875,2.0,288.44815
121,2025-02-15 00:00:00,33.5,296.875,2.0,287.98038
122,2025-03-16 12:00:00,33.5,296.875,2.0,289.03543
123,2025-04-16 00:00:00,33.5,296.875,2.0,289.46063
124,2025-05-16 12:00:00,33.5,296.875,2.0,291.8788
125,2025-06-16 00:00:00,33.5,296.875,2.0,294.84006
126,2025-07-16 12:00:00,33.5,296.875,2.0,298.63626
127,2025-08-16 12:00:00,33.5,296.875,2.0,299.73193
128,2025-09-16 00:00:00,33.5,296.875,2.0,298.38086
129,2025-10-16 12:00:00,33.5,296.875,2.0,295.81003
130,2025-11-16 00:00:00,33.5,296.875,2.0,292.20032
131,2025-12-16 12:00:00,33.5,296.875,2.0,290.42642
132,2026-01-16 12:00:00,33.5,296.875,2.0,288.65308
133,2026-02-15 00:00:00,33.5,296.875,2.0,288.30267
134,2026-03-16 12:00:00,33.5,296.875,2.0,288.14133
135,2026-04-16 00:00:00,33.5,296.875,2.0,290.52066
136,2026-05-16 12:00:00,33.5,296.875,2.0,292.41113
137,2026-06-16 00:00:00,33.5,296.875,2.0,296.47852
138,2026-07-16 12:00:00,33.5,296.875,2.0,299.07373
139,2026-08-16 12:00:00,33.5,296.875,2.0,299.3602
140,2026-09-16 00:00:00,33.5,296.875,2.0,299.6036
141,2026-10-16 12:00:00,33.5,296.875,2.0,296.56985
142,2026-11-16 00:00:00,33.5,296.875,2.0,292.19827
143,2026-12-16 12:00:00,33.5,296.875,2.0,290.11426
144,2027-01-16 12:00:00,33.5,296.875,2.0,288.91245
145,2027-02-15 00:00:00,33.5,296.875,2.0,289.32266
146,2027-03-16 12:00:00,33.5,296.875,2.0,289.51303
147,2027-04-16 00:00:00,33.5,296.875,2.0,289.93582
148,2027-05-16 12:00:00,33.5,296.875,2.0,292.83313
149,2027-06-16 00:00:00,33.5,296.875,2.0,296.2219
150,2027-07-16 12:00:00,33.5,296.875,2.0,298.2824
151,2027-08-16 12:00:00,33.5,296.875,2.0,299.8523
152,2027-09-16 00:00:00,33.5,296.875,2.0,298.42496
153,2027-10-16 12:00:00,33.5,296.875,2.0,296.32254
154,2027-11-16 00:00:00,33.5,296.875,2.0,292.38742
155,2027-12-16 12:00:00,33.5,296.875,2.0,290.46936
156,2028-01-16 12:00:00,33.5,296.875,2.0,289.6252
157,2028-02-15 00:00:00,33.5,296.875,2.0,287.97296
158,2028-03-16 12:00:00,33.5,296.875,2.0,288.3438
159,2028-04-16 00:00:00,33.5,296.875,2.0,290.9924
160,2028-05-16 12:00:00,33.5,296.875,2.0,291.59946
161,2028-06-16 00:00:00,33.5,296.875,2.0,294.70386
162,2028-07-16 12:00:00,33.5,296.875,2.0,297.08948
163,2028-08-16 12:00:00,33.5,296.875,2.0,299.38348
164,2028-09-16 00:00:00,33.5,296.875,2.0,297.94022
165,2028-10-16 12:00:00,33.5,296.875,2.0,295.7861
166,2028-11-16 00:00:00,33.5,296.875,2.0,293.00476
167,2028-12-16 12:00:00,33.5,296.875,2.0,290.3405
168,2029-01-16 12:00:00,33.5,296.875,2.0,289.08273
169,2029-02-15 00:00:00,33.5,296.875,2.0,288.76163
170,2029-03-16 12:00:00,33.5,296.875,2.0,289.17065
171,2029-04-16 00:00:00,33.5,296.875,2.0,289.09106
172,2029-05-16 12:00:00,33.5,296.875,2.0,292.2419
173,2029-06-16 00:00:00,33.5,296.875,2.0,295.6725
174,2029-07-16 12:00:00,33.5,296.875,2.0,299.0472
175,2029-08-16 12:00:00,33.5,296.875,2.0,299.4699
176,2029-09-16 00:00:00,33.5,296.875,2.0,298.21564
177,2029-10-16 12:00:00,33.5,296.875,2.0,295.53647
178,2029-11-16 00:00:00,33.5,296.875,2.0,292.38446
179,2029-12-16 12:00:00,33.5,296.875,2.0,288.95844
180,2030-01-16 12:00:00,33.5,296.875,2.0,288.77707
181,2030-02-15 00:00:00,33.5,296.875,2.0,288.09
182,2030-03-16 12:00:00,33.5,296.875,2.0,287.528
183,2030-04-16 00:00:00,33.5,296.875,2.0,290.37665
184,2030-05-16 12:00:00,33.5,296.875,2.0,293.0398
185,2030-06-16 00:00:00,33.5,296.875,2.0,296.30942
186,2030-07-16 12:00:00,33.5,296.875,2.0,299.0448
187,2030-08-16 12:00:00,33.5,296.875,2.0,299.30948
188,2030-09-16 00:00:00,33.5,296.875,2.0,298.6648
189,2030-10-16 12:00:00,33.5,296.875,2.0,296.90457
190,2030-11-16 00:00:00,33.5,296.875,2.0,293.1957
191,2030-12-16 12:00:00,33.5,296.875,2.0,290.39847
192,2031-01-16 12:00:00,33.5,296.875,2.0,287.9148
193,2031-02-15 00:00:00,33.5,296.875,2.0,288.07303
194,2031-03-16 12:00:00,33.5,296.875,2.0,288.27365
195,2031-04-16 00:00:00,33.5,296.875,2.0,290.36786
196,2031-05-16 12:00:00,33.5,296.875,2.0,292.03818
197,2031-06-16 00:00:00,33.5,296.875,2.0,296.37158
198,2031-07-16 12:00:00,33.5,296.875,2.0,298.47787
199,2031-08-16 12:00:00,33.5,296.875,2.0,299.7238
200,2031-09-16 00:00:00,33.5,296.875,2.0,298.88904
201,2031-10-16 12:00:00,33.5,296.875,2.0,295.76962
202,2031-11-16 00:00:00,33.5,296.875,2.0,293.09567
203,2031-12-16 12:00:00,33.5,296.875,2.0,290.89044
204,2032-01-16 12:00:00,33.5,296.875,2.0,289.44196
205,2032-02-15 00:00:00,33.5,296.875,2.0,289.00687
206,2032-03-16 12:00:00,33.5,296.875,2.0,288.63168
207,2032-04-16 00:00:00,33.5,296.875,2.0,289.3978
208,2032-05-16 12:00:00,33.5,296.875,2.0,293.50146
209,2032-06-16 00:00:00,33.5,296.875,2.0,295.2937
210,2032-07-16 12:00:00,33.5,296.875,2.0,298.7265
211,2032-08-16 12:00:00,33.5,296.875,2.0,299.69778
212,2032-09-16 00:00:00,33.5,296.875,2.0,299.25418
213,2032-10-16 12:00:00,33.5,296.875,2.0,296.89297
214,2032-11-16 00:00:00,33.5,296.875,2.0,292.667
215,2032-12-16 12:00:00,33.5,296.875,2.0,288.90585
216,2033-01-16 12:00:00,33.5,296.875,2.0,288.92828
217,2033-02-15 00:00:00,33.5,296.875,2.0,289.23166
218,2033-03-16 12:00:00,33.5,296.875,2.0,290.11996
219,2033-04-16 00:00:00,33.5,296.875,2.0,289.53088
220,2033-05-16 12:00:00,33.5,296.875,2.0,291.27603
221,2033-06-16 00:00:00,33.5,296.875,2.0,293.6952
222,2033-07-16 12:00:00,33.5,296.875,2.0,297.87732
223,2033-08-16 12:00:00,33.5,296.875,2.0,299.53796
224,2033-09-16 00:00:00,33.5,296.875,2.0,298.10687
225,2033-10-16 12:00:00,33.5,296.875,2.0,296.69016
226,2033-11-16 00:00:00,33.5,296.875,2.0,292.27695
227,2033-12-16 12:00:00,33.5,296.875,2.0,288.63275
228,2034-01-16 12:00:00,33.5,296.875,2.0,288.63403
229,2034-02-15 00:00:00,33.5,296.875,2.0,287.97342
230,2034-03-16 12:00:00,33.5,296.875,2.0,288.4783
231,2034-04-16 00:00:00,33.5,296.875,2.0,290.19394
232,2034-05-16 12:00:00,33.5,296.875,2.0,292.14713
233,2034-06-16 00:00:00,33.5,296.875,2.0,295.7726
234,2034-07-16 12:00:00,33.5,296.875,2.0,298.96707
235,2034-08-16 12:00:00,33.5,296.875,2.0,299.44452
236,2034-09-16 00:00:00,33.5,296.875,2.0,298.51773
237,2034-10-16 12:00:00,33.5,296.875,2.0,295.26624
238,2034-11-16 00:00:00,33.5,296.875,2.0,293.2737
239,2034-12-16 12:00:00,33.5,296.875,2.0,290.65363
240,2035-01-16 12:00:00,33.5,296.875,2.0,290.4237
241,2035-02-15 00:00:00,33.5,296.875,2.0,290.91116
242,2035-03-16 12:00:00,33.5,296.875,2.0,289.5321
243,2035-04-16 00:00:00,33.5,296.875,2.0,291.78485
244,2035-05-16 12:00:00,33.5,296.875,2.0,292.13077
245,2035-06-16 00:00:00,33.5,296.875,2.0,296.02655
246,2035-07-16 12:00:00,33.5,296.875,2.0,299.5474
247,2035-08-16 12:00:00,33.5,296.875,2.0,300.31473
248,2035-09-16 00:00:00,33.5,296.875,2.0,299.069
249,2035-10-16 12:00:00,33.5,296.875,2.0,296.89703
250,2035-11-16 00:00:00,33.5,296.875,2.0,294.1009
251,2035-12-16 12:00:00,33.5,296.875,2.0,291.38687
252,2036-01-16 12:00:00,33.5,296.875,2.0,290.16028
253,2036-02-15 00:00:00,33.5,296.875,2.0,289.90063
254,2036-03-16 12:00:00,33.5,296.875,2.0,289.22473
255,2036-04-16 00:00:00,33.5,296.875,2.0,290.5402
256,2036-05-16 12:00:00,33.5,296.875,2.0,292.3234
257,2036-06-16 00:00:00,33.5,296.875,2.0,297.0399
258,2036-07-16 12:00:00,33.5,296.875,2.0,299.43658
259,2036-08-16 12:00:00,33.5,296.875,2.0,300.16968
260,2036-09-16 00:00:00,33.5,296.875,2.0,298.58923
261,2036-10-16 12:00:00,33.5,296.875,2.0,297.0518
262,2036-11-16 00:00:00,33.5,296.875,2.0,292.35858
263,2036-12-16 12:00:00,33.5,296.875,2.0,290.9794
264,2037-01-16 12:00:00,33.5,296.875,2.0,289.6996
265,2037-02-15 00:00:00,33.5,296.875,2.0,289.8191
266,2037-03-16 12:00:00,33.5,296.875,2.0,289.50415
267,2037-04-16 00:00:00,33.5,296.875,2.0,290.77063
268,2037-05-16 12:00:00,33.5,296.875,2.0,294.21796
269,2037-06-16 00:00:00,33.5,296.875,2.0,296.8639
270,2037-07-16 12:00:00,33.5,296.875,2.0,298.10416
271,2037-08-16 12:00:00,33.5,296.875,2.0,299.6903
272,2037-09-16 00:00:00,33.5,296.875,2.0,297.54358
273,2037-10-16 12:00:00,33.5,296.875,2.0,296.47177
274,2037-11-16 00:00:00,33.5,296.875,2.0,292.97366
275,2037-12-16 12:00:00,33.5,296.875,2.0,290.45486
276,2038-01-16 12:00:00,33.5,296.875,2.0,289.87308
277,2038-02-15 00:00:00,33.5,296.875,2.0,289.8596
278,2038-03-16 12:00:00,33.5,296.875,2.0,289.32697
279,2038-04-16 00:00:00,33.5,296.875,2.0,290.49725
280,2038-05-16 12:00:00,33.5,296.875,2.0,292.18802
281,2038-06-16 00:00:00,33.5,296.875,2.0,295.485
282,2038-07-16 12:00:00,33.5,296.875,2.0,298.7501
283,2038-08-16 12:00:00,33.5,296.875,2.0,300.0961
284,2038-09-16 00:00:00,33.5,296.875,2.0,298.43793
285,2038-10-16 12:00:00,33.5,296.875,2.0,295.77478
286,2038-11-16 00:00:00,33.5,296.875,2.0,291.2453
287,2038-12-16 12:00:00,33.5,296.875,2.0,290.15277
288,2039-01-16 12:00:00,33.5,296.875,2.0,289.4293
289,2039-02-15 00:00:00,33.5,296.875,2.0,290.78357
290,2039-03-16 12:00:00,33.5,296.875,2.0,289.8086
291,2039-04-16 00:00:00,33.5,296.875,2.0,291.38083
292,2039-05-16 12:00:00,33.5,296.875,2.0,292.05228
293,2039-06-16 00:00:00,33.5,296.875,2.0,296.48795
294,2039-07-16 12:00:00,33.5,296.875,2.0,298.48648
295,2039-08-16 12:00:00,33.5,296.875,2.0,299.63226
296,2039-09-16 00:00:00,33.5,296.875,2.0,299.0252
297,2039-10-16 12:00:00,33.5,296.875,2.0,297.5348
298,2039-11-16 00:00:00,33.5,296.875,2.0,292.87756
299,2039-12-16 12:00:00,33.5,296.875,2.0,290.93277
300,2040-01-16 12:00:00,33.5,296.875,2.0,288.86288
301,2040-02-15 00:00:00,33.5,296.875,2.0,288.4601
302,2040-03-16 12:00:00,33.5,296.875,2.0,289.2992
303,2040-04-16 00:00:00,33.5,296.875,2.0,290.45578
304,2040-05-16 12:00:00,33.5,296.875,2.0,292.05188
305,2040-06-16 00:00:00,33.5,296.875,2.0,296.21384
306,2040-07-16 12:00:00,33.5,296.875,2.0,298.79468
307,2040-08-16 12:00:00,33.5,296.875,2.0,300.1811
308,2040-09-16 00:00:00,33.5,296.875,2.0,299.18384
309,2040-10-16 12:00:00,33.5,296.875,2.0,296.9854
310,2040-11-16 00:00:00,33.5,296.875,2.0,291.94318
311,2040-12-16 12:00:00,33.5,296.875,2.0,289.67007
312,2041-01-16 12:00:00,33.5,296.875,2.0,289.54953
313,2041-02-15 00:00:00,33.5,296.875,2.0,289.2378
314,2041-03-16 12:00:00,33.5,296.875,2.0,288.4015
315,2041-04-16 00:00:00,33.5,296.875,2.0,289.4312
316,2041-05-16 12:00:00,33.5,296.875,2.0,292.56866
317,2041-06-16 00:00:00,33.5,296.875,2.0,295.6383
318,2041-07-16 12:00:00,33.5,296.875,2.0,298.92523
319,2041-08-16 12:00:00,33.5,296.875,2.0,299.54675
320,2041-09-16 00:00:00,33.5,296.875,2.0,299.2902
321,2041-10-16 12:00:00,33.5,296.875,2.0,296.65582
322,2041-11-16 00:00:00,33.5,296.875,2.0,293.51306
323,2041-12-16 12:00:00,33.5,296.875,2.0,291.73495
324,2042-01-16 12:00:00,33.5,296.875,2.0,290.67743
325,2042-02-15 00:00:00,33.5,296.875,2.0,289.00204
326,2042-03-16 12:00:00,33.5,296.875,2.0,288.53168
327,2042-04-16 00:00:00,33.5,296.875,2.0,289.3734
328,2042-05-16 12:00:00,33.5,296.875,2.0,292.03098
329,2042-06-16 00:00:00,33.5,296.875,2.0,294.77304
330,2042-07-16 12:00:00,33.5,296.875,2.0,298.68472
331,2042-08-16 12:00:00,33.5,296.875,2.0,300.00864
332,2042-09-16 00:00:00,33.5,296.875,2.0,298.69403
333,2042-10-16 12:00:00,33.5,296.875,2.0,297.01483
334,2042-11-16 00:00:00,33.5,296.875,2.0,293.94443
335,2042-12-16 12:00:00,33.5,296.875,2.0,290.60052
336,2043-01-16 12:00:00,33.5,296.875,2.0,290.54092
337,2043-02-15 00:00:00,33.5,296.875,2.0,289.48932
338,2043-03-16 12:00:00,33.5,296.875,2.0,290.25967
339,2043-04-16 00:00:00,33.5,296.875,2.0,290.2575
340,2043-05-16 12:00:00,33.5,296.875,2.0,292.45853
341,2043-06-16 00:00:00,33.5,296.875,2.0,295.96967
342,2043-07-16 12:00:00,33.5,296.875,2.0,298.34854
343,2043-08-16 12:00:00,33.5,296.875,2.0,300.33
344,2043-09-16 00:00:00,33.5,296.875,2.0,299.1243
345,2043-10-16 12:00:00,33.5,296.875,2.0,296.27917
346,2043-11-16 00:00:00,33.5,296.875,2.0,293.02902
347,2043-12-16 12:00:00,33.5,296.875,2.0,290.83505
348,2044-01-16 12:00:00,33.5,296.875,2.0,290.3491
349,2044-02-15 00:00:00,33.5,296.875,2.0,291.41925
350,2044-03-16 12:00:00,33.5,296.875,2.0,289.21426
351,2044-04-16 00:00:00,33.5,296.875,2.0,291.54498
352,2044-05-16 12:00:00,33.5,296.875,2.0,294.01767
353,2044-06-16 00:00:00,33.5,296.875,2.0,297.23895
354,2044-07-16 12:00:00,33.5,296.875,2.0,300.1758
355,2044-08-16 12:00:00,33.5,296.875,2.0,300.79886
356,2044-09-16 00:00:00,33.5,296.875,2.0,298.76294
357,2044-10-16 12:00:00,33.5,296.875,2.0,296.2972
358,2044-11-16 00:00:00,33.5,296.875,2.0,294.17902
359,2044-12-16 12:00:00,33.5,296.875,2.0,290.84543
360,2045-01-16 12:00:00,33.5,296.875,2.0,291.87573
361,2045-02-15 00:00:00,33.5,296.875,2.0,290.783
362,2045-03-16 12:00:00,33.5,296.875,2.0,288.7357
363,2045-04-16 00:00:00,33.5,296.875,2.0,290.35815
364,2045-05-16 12:00:00,33.5,296.875,2.0,292.99512
365,2045-06-16 00:00:00,33.5,296.875,2.0,296.57425
366,2045-07-16 12:00:00,33.5,296.875,2.0,299.50574
367,2045-08-16 12:00:00,33.5,296.875,2.0,300.14212
368,2045-09-16 00:00:00,33.5,296.875,2.0,298.50046
369,2045-10-16 12:00:00,33.5,296.875,2.0,296.40854
370,2045-11-16 00:00:00,33.5,296.875,2.0,292.67358
371,2045-12-16 12:00:00,33.5,296.875,2.0,290.23566
372,2046-01-16 12:00:00,33.5,296.875,2.0,289.63107
373,2046-02-15 00:00:00,33.5,296.875,2.0,289.45297
374,2046-03-16 12:00:00,33.5,296.875,2.0,289.31232
375,2046-04-16 00:00:00,33.5,296.875,2.0,291.3486
376,2046-05-16 12:00:00,33.5,296.875,2.0,293.04837
377,2046-06-16 00:00:00,33.5,296.875,2.0,296.49887
378,2046-07-16 12:00:00,33.5,296.875,2.0,299.45825
379,2046-08-16 12:00:00,33.5,296.875,2.0,300.2026
380,2046-09-16 00:00:00,33.5,296.875,2.0,299.09482
381,2046-10-16 12:00:00,33.5,296.875,2.0,296.07724
382,2046-11-16 00:00:00,33.5,296.875,2.0,293.20096
383,2046-12-16 12:00:00,33.5,296.875,2.0,289.05484
384,2047-01-16 12:00:00,33.5,296.875,2.0,289.558
385,2047-02-15 00:00:00,33.5,296.875,2.0,289.74692
386,2047-03-16 12:00:00,33.5,296.875,2.0,288.7915
387,2047-04-16 00:00:00,33.5,296.875,2.0,290.7923
388,2047-05-16 12:00:00,33.5,296.875,2.0,292.73843
389,2047-06-16 00:00:00,33.5,296.875,2.0,296.25696
390,2047-07-16 12:00:00,33.5,296.875,2.0,299.53055
391,2047-08-16 12:00:00,33.5,296.875,2.0,300.54395
392,2047-09-16 00:00:00,33.5,296.875,2.0,299.21356
393,2047-10-16 12:00:00,33.5,296.875,2.0,296.60928
394,2047-11-16 00:00:00,33.5,296.875,2.0,294.03348
395,2047-12-16 12:00:00,33.5,296.875,2.0,292.17032
396,2048-01-16 12:00:00,33.5,296.875,2.0,290.54135
397,2048-02-15 00:00:00,33.5,296.875,2.0,289.54343
398,2048-03-16 12:00:00,33.5,296.875,2.0,290.69406
399,2048-04-16 00:00:00,33.5,296.875,2.0,290.25775
400,2048-05-16 12:00:00,33.5,296.875,2.0,291.98413
401,2048-06-16 00:00:00,33.5,296.875,2.0,294.68988
402,2048-07-16 12:00:00,33.5,296.875,2.0,298.52
403,2048-08-16 12:00:00,33.5,296.875,2.0,299.3558
404,2048-09-16 00:00:00,33.5,296.875,2.0,298.61505
405,2048-10-16 12:00:00,33.5,296.875,2.0,296.713
406,2048-11-16 00:00:00,33.5,296.875,2.0,292.7574
407,2048-12-16 12:00:00,33.5,296.875,2.0,290.9197
408,2049-01-16 12:00:00,33.5,296.875,2.0,290.13718
409,2049-02-15 00:00:00,33.5,296.875,2.0,290.3447
410,2049-03-16 12:00:00,33.5,296.875,2.0,289.17035
411,2049-04-16 00:00:00,33.5,296.875,2.0,290.86328
412,2049-05-16 12:00:00,33.5,296.875,2.0,293.6494
413,2049-06-16 00:00:00,33.5,296.875,2.0,296.2869
414,2049-07-16 12:00:00,33.5,296.875,2.0,299.31677
415,2049-08-16 12:00:00,33.5,296.875,2.0,300.45584
416,2049-09-16 00:00:00,33.5,296.875,2.0,299.79886
417,2049-10-16 12:00:00,33.5,296.875,2.0,295.9734
418,2049-11-16 00:00:00,33.5,296.875,2.0,294.83398
419,2049-12-16 12:00:00,33.5,296.875,2.0,290.99036
420,2050-01-16 12:00:00,33.5,296.875,2.0,289.99045
421,2050-02-15 00:00:00,33.5,296.875,2.0,289.81375
422,2050-03-16 12:00:00,33.5,296.875,2.0,289.63846
423,2050-04-16 00:00:00,33.5,296.875,2.0,290.61053
424,2050-05-16 12:00:00,33.5,296.875,2.0,294.01212
425,2050-06-16 00:00:00,33.5,296.875,2.0,297.004
426,2050-07-16 12:00:00,33.5,296.875,2.0,300.20798
427,2050-08-16 12:00:00,33.5,296.875,2.0,300.15738
428,2050-09-16 00:00:00,33.5,296.875,2.0,299.24222
429,2050-10-16 12:00:00,33.5,296.875,2.0,297.03967
430,2050-11-16 00:00:00,33.5,296.875,2.0,292.67
431,2050-12-16 12:00:00,33.5,296.875,2.0,290.49252
432,2051-01-16 12:00:00,33.5,296.875,2.0,289.19342
433,2051-02-15 00:00:00,33.5,296.875,2.0,289.55548
434,2051-03-16 12:00:00,33.5,296.875,2.0,289.9187
435,2051-04-16 00:00:00,33.5,296.875,2.0,291.05838
436,2051-05-16 12:00:00,33.5,296.875,2.0,292.65915
437,2051-06-16 00:00:00,33.5,296.875,2.0,296.68033
438,2051-07-16 12:00:00,33.5,296.875,2.0,299.39282
439,2051-08-16 12:00:00,33.5,296.875,2.0,300.6511
440,2051-09-16 00:00:00,33.5,296.875,2.0,300.12073
441,2051-10-16 12:00:00,33.5,296.875,2.0,297.27942
442,2051-11-16 00:00:00,33.5,296.875,2.0,293.84845
443,2051-12-16 12:00:00,33.5,296.875,2.0,289.88504
444,2052-01-16 12:00:00,33.5,296.875,2.0,288.94205
445,2052-02-15 00:00:00,33.5,296.875,2.0,290.031
446,2052-03-16 12:00:00,33.5,296.875,2.0,290.59845
447,2052-04-16 00:00:00,33.5,296.875,2.0,290.39343
448,2052-05-16 12:00:00,33.5,296.875,2.0,292.6032
449,2052-06-16 00:00:00,33.5,296.875,2.0,295.8315
450,2052-07-16 12:00:00,33.5,296.875,2.0,299.3184
451,2052-08-16 12:00:00,33.5,296.875,2.0,300.40668
452,2052-09-16 00:00:00,33.5,296.875,2.0,298.0752
453,2052-10-16 12:00:00,33.5,296.875,2.0,296.38422
454,2052-11-16 00:00:00,33.5,296.875,2.0,293.37595
455,2052-12-16 12:00:00,33.5,296.875,2.0,289.89444
456,2053-01-16 12:00:00,33.5,296.875,2.0,289.0862
457,2053-02-15 00:00:00,33.5,296.875,2.0,290.49777
458,2053-03-16 12:00:00,33.5,296.875,2.0,290.75842
459,2053-04-16 00:00:00,33.5,296.875,2.0,290.7333
460,2053-05-16 12:00:00,33.5,296.875,2.0,293.50168
461,2053-06-16 00:00:00,33.5,296.875,2.0,296.25876
462,2053-07-16 12:00:00,33.5,296.875,2.0,298.91788
463,2053-08-16 12:00:00,33.5,296.875,2.0,300.46948
464,2053-09-16 00:00:00,33.5,296.875,2.0,298.79462
465,2053-10-16 12:00:00,33.5,296.875,2.0,297.37143
466,2053-11-16 00:00:00,33.5,296.875,2.0,293.22495
467,2053-12-16 12:00:00,33.5,296.875,2.0,291.4859
468,2054-01-16 12:00:00,33.5,296.875,2.0,288.96924
469,2054-02-15 00:00:00,33.5,296.875,2.0,291.41574
470,2054-03-16 12:00:00,33.5,296.875,2.0,290.3765
471,2054-04-16 00:00:00,33.5,296.875,2.0,289.53082
472,2054-05-16 12:00:00,33.5,296.875,2.0,292.91907
473,2054-06-16 00:00:00,33.5,296.875,2.0,296.39267
474,2054-07-16 12:00:00,33.5,296.875,2.0,299.5422
475,2054-08-16 12:00:00,33.5,296.875,2.0,300.6024
476,2054-09-16 00:00:00,33.5,296.875,2.0,297.72107
477,2054-10-16 12:00:00,33.5,296.875,2.0,296.43723
478,2054-11-16 00:00:00,33.5,296.875,2.0,293.92035
479,2054-12-16 12:00:00,33.5,296.875,2.0,292.45212
480,2055-01-16 12:00:00,33.5,296.875,2.0,291.186
481,2055-02-15 00:00:00,33.5,296.875,2.0,291.07214
482,2055-03-16 12:00:00,33.5,296.875,2.0,289.588
483,2055-04-16 00:00:00,33.5,296.875,2.0,293.04248
484,2055-05-16 12:00:00,33.5,296.875,2.0,294.73065
485,2055-06-16 00:00:00,33.5,296.875,2.0,296.85648
486,2055-07-16 12:00:00,33.5,296.875,2.0,300.13644
487,2055-08-16 12:00:00,33.5,296.875,2.0,301.0641
488,2055-09-16 00:00:00,33.5,296.875,2.0,300.16614
489,2055-10-16 12:00:00,33.5,296.875,2.0,297.49698
490,2055-11-16 00:00:00,33.5,296.875,2.0,293.74814
491,2055-12-16 12:00:00,33.5,296.875,2.0,291.32428
492,2056-01-16 12:00:00,33.5,296.875,2.0,290.96518
493,2056-02-15 00:00:00,33.5,296.875,2.0,290.39938
494,2056-03-16 12:00:00,33.5,296.875,2.0,289.04504
495,2056-04-16 00:00:00,33.5,296.875,2.0,289.6081
496,2056-05-16 12:00:00,33.5,296.875,2.0,292.03848
497,2056-06-16 00:00:00,33.5,296.875,2.0,296.76837
498,2056-07-16 12:00:00,33.5,296.875,2.0,299.73535
499,2056-08-16 12:00:00,33.5,296.875,2.0,300.86804
500,2056-09-16 00:00:00,33.5,296.875,2.0,299.32352
501,2056-10-16 12:00:00,33.5,296.875,2.0,297.19986
502,2056-11-16 00:00:00,33.5,296.875,2.0,294.89243
503,2056-12-16 12:00:00,33.5,296.875,2.0,291.7916
504,2057-01-16 12:00:00,33.5,296.875,2.0,290.4732
505,2057-02-15 00:00:00,33.5,296.875,2.0,291.12195
506,2057-03-16 12:00:00,33.5,296.875,2.0,291.06485
507,2057-04-16 00:00:00,33.5,296.875,2.0,291.57742
508,2057-05-16 12:00:00,33.5,296.875,2.0,294.08298
509,2057-06-16 00:00:00,33.5,296.875,2.0,296.76694
510,2057-07-16 12:00:00,33.5,296.875,2.0,299.7172
511,2057-08-16 12:00:00,33.5,296.875,2.0,300.25793
512,2057-09-16 00:00:00,33.5,296.875,2.0,298.887
513,2057-10-16 12:00:00,33.5,296.875,2.0,296.70486
514,2057-11-16 00:00:00,33.5,296.875,2.0,294.0239
515,2057-12-16 12:00:00,33.5,296.875,2.0,292.38818
516,2058-01-16 12:00:00,33.5,296.875,2.0,290.58963
517,2058-02-15 00:00:00,33.5,296.875,2.0,289.9307
518,2058-03-16 12:00:00,33.5,296.875,2.0,289.64838
519,2058-04-16 00:00:00,33.5,296.875,2.0,290.32376
520,2058-05-16 12:00:00,33.5,296.875,2.0,292.55075
521,2058-06-16 00:00:00,33.5,296.875,2.0,296.59293
522,2058-07-16 12:00:00,33.5,296.875,2.0,299.52023
523,2058-08-16 12:00:00,33.5,296.875,2.0,300.68158
524,2058-09-16 00:00:00,33.5,296.875,2.0,299.9803
525,2058-10-16 12:00:00,33.5,296.875,2.0,297.96576
526,2058-11-16 00:00:00,33.5,296.875,2.0,294.01062
527,2058-12-16 12:00:00,33.5,296.875,2.0,290.6995
528,2059-01-16 12:00:00,33.5,296.875,2.0,289.97473
529,2059-02-15 00:00:00,33.5,296.875,2.0,289.44052
530,2059-03-16 12:00:00,33.5,296.875,2.0,290.6497
531,2059-04-16 00:00:00,33.5,296.875,2.0,291.64526
532,2059-05-16 12:00:00,33.5,296.875,2.0,294.64014
533,2059-06-16 00:00:00,33.5,296.875,2.0,297.25574
534,2059-07-16 12:00:00,33.5,296.875,2.0,300.3506
535,2059-08-16 12:00:00,33.5,296.875,2.0,301.51587
536,2059-09-16 00:00:00,33.5,296.875,2.0,300.1827
537,2059-10-16 12:00:00,33.5,296.875,2.0,296.85403
538,2059-11-16 00:00:00,33.5,296.875,2.0,293.86554
539,2059-12-16 12:00:00,33.5,296.875,2.0,290.5607
540,2060-01-16 12:00:00,33.5,296.875,2.0,290.63034
541,2060-02-15 00:00:00,33.5,296.875,2.0,291.0282
542,2060-03-16 12:00:00,33.5,296.875,2.0,290.19568
543,2060-04-16 00:00:00,33.5,296.875,2.0,291.00027
544,2060-05-16 12:00:00,33.5,296.875,2.0,294.17578
545,2060-06-16 00:00:00,33.5,296.875,2.0,296.9987
546,2060-07-16 12:00:00,33.5,296.875,2.0,299.9234
547,2060-08-16 12:00:00,33.5,296.875,2.0,300.94946
548,2060-09-16 00:00:00,33.5,296.875,2.0,299.5641
549,2060-10-16 12:00:00,33.5,296.875,2.0,297.5031
550,2060-11-16 00:00:00,33.5,296.875,2.0,293.81268
551,2060-12-16 12:00:00,33.5,296.875,2.0,290.76294
552,2061-01-16 12:00:00,33.5,296.875,2.0,291.20773
553,2061-02-15 00:00:00,33.5,296.875,2.0,290.1912
554,2061-03-16 12:00:00,33.5,296.875,2.0,289.30484
555,2061-04-16 00:00:00,33.5,296.875,2.0,290.9424
556,2061-05-16 12:00:00,33.5,296.875,2.0,294.37158
557,2061-06-16 00:00:00,33.5,296.875,2.0,296.81183
558,2061-07-16 12:00:00,33.5,296.875,2.0,299.67908
559,2061-08-16 12:00:00,33.5,296.875,2.0,301.1577
560,2061-09-16 00:00:00,33.5,296.875,2.0,299.0284
561,2061-10-16 12:00:00,33.5,296.875,2.0,296.88205
562,2061-11-16 00:00:00,33.5,296.875,2.0,293.2952
563,2061-12-16 12:00:00,33.5,296.875,2.0,291.9245
564,2062-01-16 12:00:00,33.5,296.875,2.0,290.6689
565,2062-02-15 00:00:00,33.5,296.875,2.0,290.5262
566,2062-03-16 12:00:00,33.5,296.875,2.0,290.2737
567,2062-04-16 00:00:00,33.5,296.875,2.0,292.83966
568,2062-05-16 12:00:00,33.5,296.875,2.0,294.18753
569,2062-06-16 00:00:00,33.5,296.875,2.0,296.74573
570,2062-07-16 12:00:00,33.5,296.875,2.0,299.9568
571,2062-08-16 12:00:00,33.5,296.875,2.0,301.15643
572,2062-09-16 00:00:00,33.5,296.875,2.0,299.92752
573,2062-10-16 12:00:00,33.5,296.875,2.0,296.51312
574,2062-11-16 00:00:00,33.5,296.875,2.0,294.7093
575,2062-12-16 12:00:00,33.5,296.875,2.0,292.38855
576,2063-01-16 12:00:00,33.5,296.875,2.0,290.5348
577,2063-02-15 00:00:00,33.5,296.875,2.0,290.91428
578,2063-03-16 12:00:00,33.5,296.875,2.0,290.04123
579,2063-04-16 00:00:00,33.5,296.875,2.0,291.2683
580,2063-05-16 12:00:00,33.5,296.875,2.0,292.1999
581,2063-06-16 00:00:00,33.5,296.875,2.0,296.73843
582,2063-07-16 12:00:00,33.5,296.875,2.0,300.0583
583,2063-08-16 12:00:00,33.5,296.875,2.0,300.6265
584,2063-09-16 00:00:00,33.5,296.875,2.0,300.02097
585,2063-10-16 12:00:00,33.5,296.875,2.0,298.15482
586,2063-11-16 00:00:00,33.5,296.875,2.0,294.14816
587,2063-12-16 12:00:00,33.5,296.875,2.0,290.32922
588,2064-01-16 12:00:00,33.5,296.875,2.0,290.36108
589,2064-02-15 00:00:00,33.5,296.875,2.0,288.85233
590,2064-03-16 12:00:00,33.5,296.875,2.0,289.94067
591,2064-04-16 00:00:00,33.5,296.875,2.0,290.51947
592,2064-05-16 12:00:00,33.5,296.875,2.0,294.76917
593,2064-06-16 00:00:00,33.5,296.875,2.0,297.0036
594,2064-07-16 12:00:00,33.5,296.875,2.0,300.4561
595,2064-08-16 12:00:00,33.5,296.875,2.0,301.04498
596,2064-09-16 00:00:00,33.5,296.875,2.0,300.43643
597,2064-10-16 12:00:00,33.5,296.875,2.0,297.29266
598,2064-11-16 00:00:00,33.5,296.875,2.0,293.67987
599,2064-12-16 12:00:00,33.5,296.875,2.0,290.9785
600,2065-01-16 12:00:00,33.5,296.875,2.0,289.3111
601,2065-02-15 00:00:00,33.5,296.875,2.0,290.31137
602,2065-03-16 12:00:00,33.5,296.875,2.0,290.0803
603,2065-04-16 00:00:00,33.5,296.875,2.0,291.93512
604,2065-05-16 12:00:00,33.5,296.875,2.0,294.03848
605,2065-06-16 00:00:00,33.5,296.875,2.0,296.99225
606,2065-07-16 12:00:00,33.5,296.875,2.0,299.75677
607,2065-08-16 12:00:00,33.5,296.875,2.0,300.80276
608,2065-09-16 00:00:00,33.5,296.875,2.0,299.03088
609,2065-10-16 12:00:00,33.5,296.875,2.0,297.14188
610,2065-11-16 00:00:00,33.5,296.875,2.0,294.72986
611,2065-12-16 12:00:00,33.5,296.875,2.0,292.06314
612,2066-01-16 12:00:00,33.5,296.875,2.0,290.78766
613,2066-02-15 00:00:00,33.5,296.875,2.0,289.28946
614,2066-03-16 12:00:00,33.5,296.875,2.0,291.0252
615,2066-04-16 00:00:00,33.5,296.875,2.0,291.98337
616,2066-05-16 12:00:00,33.5,296.875,2.0,295.1293
617,2066-06-16 00:00:00,33.5,296.875,2.0,297.4017
618,2066-07-16 12:00:00,33.5,296.875,2.0,299.51813
619,2066-08-16 12:00:00,33.5,296.875,2.0,300.01306
620,2066-09-16 00:00:00,33.5,296.875,2.0,299.9246
621,2066-10-16 12:00:00,33.5,296.875,2.0,297.42117
622,2066-11-16 00:00:00,33.5,296.875,2.0,293.8518
623,2066-12-16 12:00:00,33.5,296.875,2.0,292.1388
624,2067-01-16 12:00:00,33.5,296.875,2.0,290.3926
625,2067-02-15 00:00:00,33.5,296.875,2.0,290.09512
626,2067-03-16 12:00:00,33.5,296.875,2.0,289.55835
627,2067-04-16 00:00:00,33.5,296.875,2.0,294.0002
628,2067-05-16 12:00:00,33.5,296.875,2.0,294.86252
629,2067-06-16 00:00:00,33.5,296.875,2.0,297.09302
630,2067-07-16 12:00:00,33.5,296.875,2.0,299.48062
631,2067-08-16 12:00:00,33.5,296.875,2.0,300.9495
632,2067-09-16 00:00:00,33.5,296.875,2.0,300.48492
633,2067-10-16 12:00:00,33.5,296.875,2.0,297.90262
634,2067-11-16 00:00:00,33.5,296.875,2.0,294.66022
635,2067-12-16 12:00:00,33.5,296.875,2.0,292.4857
636,2068-01-16 12:00:00,33.5,296.875,2.0,291.0491
637,2068-02-15 00:00:00,33.5,296.875,2.0,291.77118
638,2068-03-16 12:00:00,33.5,296.875,2.0,290.06763
639,2068-04-16 00:00:00,33.5,296.875,2.0,291.67102
640,2068-05-16 12:00:00,33.5,296.875,2.0,293.34552
641,2068-06-16 00:00:00,33.5,296.875,2.0,296.09573
642,2068-07-16 12:00:00,33.5,296.875,2.0,299.55545
643,2068-08-16 12:00:00,33.5,296.875,2.0,301.58118
644,2068-09-16 00:00:00,33.5,296.875,2.0,299.75745
645,2068-10-16 12:00:00,33.5,296.875,2.0,297.03366
646,2068-11-16 00:00:00,33.5,296.875,2.0,294.35
647,2068-12-16 12:00:00,33.5,296.875,2.0,292.69827
648,2069-01-16 12:00:00,33.5,296.875,2.0,290.0222
649,2069-02-15 00:00:00,33.5,296.875,2.0,289.54315
650,2069-03-16 12:00:00,33.5,296.875,2.0,290.5859
651,2069-04-16 00:00:00,33.5,296.875,2.0,291.50308
652,2069-05-16 12:00:00,33.5,296.875,2.0,293.44055
653,2069-06-16 00:00:00,33.5,296.875,2.0,296.8122
654,2069-07-16 12:00:00,33.5,296.875,2.0,300.32925
655,2069-08-16 12:00:00,33.5,296.875,2.0,300.92215
656,2069-09-16 00:00:00,33.5,296.875,2.0,299.29767
657,2069-10-16 12:00:00,33.5,296.875,2.0,297.0921
658,2069-11-16 00:00:00,33.5,296.875,2.0,293.7615
659,2069-12-16 12:00:00,33.5,296.875,2.0,290.79355
660,2070-01-16 12:00:00,33.5,296.875,2.0,290.7783
661,2070-02-15 00:00:00,33.5,296.875,2.0,290.30112
662,2070-03-16 12:00:00,33.5,296.875,2.0,289.9549
663,2070-04-16 00:00:00,33.5,296.875,2.0,291.32755
664,2070-05-16 12:00:00,33.5,296.875,2.0,293.9883
665,2070-06-16 00:00:00,33.5,296.875,2.0,297.8786
666,2070-07-16 12:00:00,33.5,296.875,2.0,300.38373
667,2070-08-16 12:00:00,33.5,296.875,2.0,301.5228
668,2070-09-16 00:00:00,33.5,296.875,2.0,299.97867
669,2070-10-16 12:00:00,33.5,296.875,2.0,296.58704
670,2070-11-16 00:00:00,33.5,296.875,2.0,295.6533
671,2070-12-16 12:00:00,33.5,296.875,2.0,292.35184
672,2071-01-16 12:00:00,33.5,296.875,2.0,290.9519
673,2071-02-15 00:00:00,33.5,296.875,2.0,290.6741
674,2071-03-16 12:00:00,33.5,296.875,2.0,290.77676
675,2071-04-16 00:00:00,33.5,296.875,2.0,290.90295
676,2071-05-16 12:00:00,33.5,296.875,2.0,293.91022
677,2071-06-16 00:00:00,33.5,296.875,2.0,296.18515
678,2071-07-16 12:00:00,33.5,296.875,2.0,300.12958
679,2071-08-16 12:00:00,33.5,296.875,2.0,301.71085
680,2071-09-16 00:00:00,33.5,296.875,2.0,299.95557
681,2071-10-16 12:00:00,33.5,296.875,2.0,297.32864
682,2071-11-16 00:00:00,33.5,296.875,2.0,294.9157
683,2071-12-16 12:00:00,33.5,296.875,2.0,293.3828
684,2072-01-16 12:00:00,33.5,296.875,2.0,290.94507
685,2072-02-15 00:00:00,33.5,296.875,2.0,290.8402
686,2072-03-16 12:00:00,33.5,296.875,2.0,290.22455
687,2072-04-16 00:00:00,33.5,296.875,2.0,291.529
688,2072-05-16 12:00:00,33.5,296.875,2.0,293.4183
689,2072-06-16 00:00:00,33.5,296.875,2.0,296.94867
690,2072-07-16 12:00:00,33.5,296.875,2.0,300.11484
691,2072-08-16 12:00:00,33.5,296.875,2.0,301.21515
692,2072-09-16 00:00:00,33.5,296.875,2.0,300.23862
693,2072-10-16 12:00:00,33.5,296.875,2.0,298.16696
694,2072-11-16 00:00:00,33.5,296.875,2.0,294.22635
695,2072-12-16 12:00:00,33.5,296.875,2.0,290.61456
696,2073-01-16 12:00:00,33.5,296.875,2.0,289.68823
697,2073-02-15 00:00:00,33.5,296.875,2.0,290.31473
698,2073-03-16 12:00:00,33.5,296.875,2.0,290.06396
699,2073-04-16 00:00:00,33.5,296.875,2.0,291.28476
700,2073-05-16 12:00:00,33.5,296.875,2.0,293.48703
701,2073-06-16 00:00:00,33.5,296.875,2.0,296.4731
702,2073-07-16 12:00:00,33.5,296.875,2.0,300.29926
703,2073-08-16 12:00:00,33.5,296.875,2.0,301.3985
704,2073-09-16 00:00:00,33.5,296.875,2.0,299.75424
705,2073-10-16 12:00:00,33.5,296.875,2.0,298.06238
706,2073-11-16 00:00:00,33.5,296.875,2.0,294.40866
707,2073-12-16 12:00:00,33.5,296.875,2.0,291.9901
708,2074-01-16 12:00:00,33.5,296.875,2.0,290.22372
709,2074-02-15 00:00:00,33.5,296.875,2.0,290.55823
710,2074-03-16 12:00:00,33.5,296.875,2.0,290.47913
711,2074-04-16 00:00:00,33.5,296.875,2.0,291.4103
712,2074-05-16 12:00:00,33.5,296.875,2.0,292.42245
713,2074-06-16 00:00:00,33.5,296.875,2.0,296.94864
714,2074-07-16 12:00:00,33.5,296.875,2.0,300.55832
715,2074-08-16 12:00:00,33.5,296.875,2.0,301.0591
716,2074-09-16 00:00:00,33.5,296.875,2.0,299.6483
717,2074-10-16 12:00:00,33.5,296.875,2.0,297.73755
718,2074-11-16 00:00:00,33.5,296.875,2.0,294.78073
719,2074-12-16 12:00:00,33.5,296.875,2.0,292.47046
720,2075-01-16 12:00:00,33.5,296.875,2.0,290.57706
721,2075-02-15 00:00:00,33.5,296.875,2.0,290.13544
722,2075-03-16 12:00:00,33.5,296.875,2.0,290.4292
723,2075-04-16 00:00:00,33.5,296.875,2.0,290.89618
724,2075-05-16 12:00:00,33.5,296.875,2.0,294.00473
725,2075-06-16 00:00:00,33.5,296.875,2.0,297.7725
726,2075-07-16 12:00:00,33.5,296.875,2.0,300.28018
727,2075-08-16 12:00:00,33.5,296.875,2.0,301.1464
728,2075-09-16 00:00:00,33.5,296.875,2.0,300.24725
729,2075-10-16 12:00:00,33.5,296.875,2.0,298.3357
730,2075-11-16 00:00:00,33.5,296.875,2.0,295.3612
731,2075-12-16 12:00:00,33.5,296.875,2.0,291.63684
732,2076-01-16 12:00:00,33.5,296.875,2.0,291.4111
733,2076-02-15 00:00:00,33.5,296.875,2.0,290.1914
734,2076-03-16 12:00:00,33.5,296.875,2.0,290.7864
735,2076-04-16 00:00:00,33.5,296.875,2.0,291.7357
736,2076-05-16 12:00:00,33.5,296.875,2.0,294.3752
737,2076-06-16 00:00:00,33.5,296.875,2.0,297.22467
738,2076-07-16 12:00:00,33.5,296.875,2.0,299.68167
739,2076-08-16 12:00:00,33.5,296.875,2.0,301.4469
740,2076-09-16 00:00:00,33.5,296.875,2.0,300.73218
741,2076-10-16 12:00:00,33.5,296.875,2.0,297.02817
742,2076-11-16 00:00:00,33.5,296.875,2.0,294.91644
743,2076-12-16 12:00:00,33.5,296.875,2.0,291.16486
744,2077-01-16 12:00:00,33.5,296.875,2.0,288.6266
745,2077-02-15 00:00:00,33.5,296.875,2.0,289.5944
746,2077-03-16 12:00:00,33.5,296.875,2.0,290.27466
747,2077-04-16 00:00:00,33.5,296.875,2.0,290.59525
748,2077-05-16 12:00:00,33.5,296.875,2.0,295.38852
749,2077-06-16 00:00:00,33.5,296.875,2.0,298.07843
750,2077-07-16 12:00:00,33.5,296.875,2.0,300.82312
751,2077-08-16 12:00:00,33.5,296.875,2.0,301.55573
752,2077-09-16 00:00:00,33.5,296.875,2.0,299.7345
753,2077-10-16 12:00:00,33.5,296.875,2.0,298.1592
754,2077-11-16 00:00:00,33.5,296.875,2.0,294.79596
755,2077-12-16 12:00:00,33.5,296.875,2.0,291.94214
756,2078-01-16 12:00:00,33.5,296.875,2.0,290.61874
757,2078-02-15 00:00:00,33.5,296.875,2.0,290.0599
758,2078-03-16 12:00:00,33.5,296.875,2.0,290.2434
759,2078-04-16 00:00:00,33.5,296.875,2.0,292.25256
760,2078-05-16 12:00:00,33.5,296.875,2.0,295.41595
761,2078-06-16 00:00:00,33.5,296.875,2.0,298.28674
762,2078-07-16 12:00:00,33.5,296.875,2.0,300.68976
763,2078-08-16 12:00:00,33.5,296.875,2.0,301.43042
764,2078-09-16 00:00:00,33.5,296.875,2.0,300.91324
765,2078-10-16 12:00:00,33.5,296.875,2.0,298.9359
766,2078-11-16 00:00:00,33.5,296.875,2.0,295.65775
767,2078-12-16 12:00:00,33.5,296.875,2.0,291.57712
768,2079-01-16 12:00:00,33.5,296.875,2.0,292.35785
769,2079-02-15 00:00:00,33.5,296.875,2.0,291.4451
770,2079-03-16 12:00:00,33.5,296.875,2.0,289.3204
771,2079-04-16 00:00:00,33.5,296.875,2.0,292.9015
772,2079-05-16 12:00:00,33.5,296.875,2.0,295.28857
773,2079-06-16 00:00:00,33.5,296.875,2.0,297.90543
774,2079-07-16 12:00:00,33.5,296.875,2.0,300.52808
775,2079-08-16 12:00:00,33.5,296.875,2.0,301.26212
776,2079-09-16 00:00:00,33.5,296.875,2.0,300.41217
777,2079-10-16 12:00:00,33.5,296.875,2.0,297.16064
778,2079-11-16 00:00:00,33.5,296.875,2.0,294.8801
779,2079-12-16 12:00:00,33.5,296.875,2.0,291.15518
780,2080-01-16 12:00:00,33.5,296.875,2.0,290.5014
781,2080-02-15 00:00:00,33.5,296.875,2.0,290.88293
782,2080-03-16 12:00:00,33.5,296.875,2.0,290.78058
783,2080-04-16 00:00:00,33.5,296.875,2.0,290.97147
784,2080-05-16 12:00:00,33.5,296.875,2.0,294.1531
785,2080-06-16 00:00:00,33.5,296.875,2.0,296.08698
786,2080-07-16 12:00:00,33.5,296.875,2.0,299.8722
787,2080-08-16 12:00:00,33.5,296.875,2.0,301.74973
788,2080-09-16 00:00:00,33.5,296.875,2.0,300.4804
789,2080-10-16 12:00:00,33.5,296.875,2.0,297.98868
790,2080-11-16 00:00:00,33.5,296.875,2.0,293.53104
791,2080-12-16 12:00:00,33.5,296.875,2.0,291.56992
792,2081-01-16 12:00:00,33.5,296.875,2.0,291.45734
793,2081-02-15 00:00:00,33.5,296.875,2.0,291.184
794,2081-03-16 12:00:00,33.5,296.875,2.0,290.76465
795,2081-04-16 00:00:00,33.5,296.875,2.0,292.18744
796,2081-05-16 12:00:00,33.5,296.875,2.0,294.73474
797,2081-06-16 00:00:00,33.5,296.875,2.0,297.9221
798,2081-07-16 12:00:00,33.5,296.875,2.0,300.70245
799,2081-08-16 12:00:00,33.5,296.875,2.0,300.9781
800,2081-09-16 00:00:00,33.5,296.875,2.0,300.72314
801,2081-10-16 12:00:00,33.5,296.875,2.0,297.41937
802,2081-11-16 00:00:00,33.5,296.875,2.0,293.9636
803,2081-12-16 12:00:00,33.5,296.875,2.0,292.12238
804,2082-01-16 12:00:00,33.5,296.875,2.0,290.82834
805,2082-02-15 00:00:00,33.5,296.875,2.0,291.8027
806,2082-03-16 12:00:00,33.5,296.875,2.0,289.96878
807,2082-04-16 00:00:00,33.5,296.875,2.0,291.77472
808,2082-05-16 12:00:00,33.5,296.875,2.0,294.71973
809,2082-06-16 00:00:00,33.5,296.875,2.0,297.84952
810,2082-07-16 12:00:00,33.5,296.875,2.0,300.61835
811,2082-08-16 12:00:00,33.5,296.875,2.0,302.32703
812,2082-09-16 00:00:00,33.5,296.875,2.0,301.73398
813,2082-10-16 12:00:00,33.5,296.875,2.0,299.21036
814,2082-11-16 00:00:00,33.5,296.875,2.0,296.1408
815,2082-12-16 12:00:00,33.5,296.875,2.0,292.1292
816,2083-01-16 12:00:00,33.5,296.875,2.0,291.32065
817,2083-02-15 00:00:00,33.5,296.875,2.0,290.56842
818,2083-03-16 12:00:00,33.5,296.875,2.0,290.55283
819,2083-04-16 00:00:00,33.5,296.875,2.0,291.67487
820,2083-05-16 12:00:00,33.5,296.875,2.0,293.24084
821,2083-06-16 00:00:00,33.5,296.875,2.0,296.82376
822,2083-07-16 12:00:00,33.5,296.875,2.0,300.68073
823,2083-08-16 12:00:00,33.5,296.875,2.0,301.41656
824,2083-09-16 00:00:00,33.5,296.875,2.0,299.8683
825,2083-10-16 12:00:00,33.5,296.875,2.0,298.38278
826,2083-11-16 00:00:00,33.5,296.875,2.0,295.35645
827,2083-12-16 12:00:00,33.5,296.875,2.0,291.35434
828,2084-01-16 12:00:00,33.5,296.875,2.0,291.2741
829,2084-02-15 00:00:00,33.5,296.875,2.0,290.43808
830,2084-03-16 12:00:00,33.5,296.875,2.0,289.92862
831,2084-04-16 00:00:00,33.5,296.875,2.0,292.4067
832,2084-05-16 12:00:00,33.5,296.875,2.0,295.5573
833,2084-06-16 00:00:00,33.5,296.875,2.0,298.49576
834,2084-07-16 12:00:00,33.5,296.875,2.0,300.40335
835,2084-08-16 12:00:00,33.5,296.875,2.0,302.2541
836,2084-09-16 00:00:00,33.5,296.875,2.0,301.46576
837,2084-10-16 12:00:00,33.5,296.875,2.0,298.64035
838,2084-11-16 00:00:00,33.5,296.875,2.0,295.8756
839,2084-12-16 12:00:00,33.5,296.875,2.0,293.3879
840,2085-01-16 12:00:00,33.5,296.875,2.0,292.13406
841,2085-02-15 00:00:00,33.5,296.875,2.0,291.308
842,2085-03-16 12:00:00,33.5,296.875,2.0,290.09766
843,2085-04-16 00:00:00,33.5,296.875,2.0,291.77948
844,2085-05-16 12:00:00,33.5,296.875,2.0,295.5434
845,2085-06-16 00:00:00,33.5,296.875,2.0,298.58987
846,2085-07-16 12:00:00,33.5,296.875,2.0,301.17224
847,2085-08-16 12:00:00,33.5,296.875,2.0,301.52026
848,2085-09-16 00:00:00,33.5,296.875,2.0,301.34525
849,2085-10-16 12:00:00,33.5,296.875,2.0,298.19376
850,2085-11-16 00:00:00,33.5,296.875,2.0,295.21143
851,2085-12-16 12:00:00,33.5,296.875,2.0,292.78152
852,2086-01-16 12:00:00,33.5,296.875,2.0,290.8778
853,2086-02-15 00:00:00,33.5,296.875,2.0,290.1831
854,2086-03-16 12:00:00,33.5,296.875,2.0,289.9674
855,2086-04-16 00:00:00,33.5,296.875,2.0,290.70844
856,2086-05-16 12:00:00,33.5,296.875,2.0,293.9804
857,2086-06-16 00:00:00,33.5,296.875,2.0,297.93317
858,2086-07-16 12:00:00,33.5,296.875,2.0,299.77902
859,2086-08-16 12:00:00,33.5,296.875,2.0,302.2473
860,2086-09-16 00:00:00,33.5,296.875,2.0,300.1276
861,2086-10-16 12:00:00,33.5,296.875,2.0,298.2925
862,2086-11-16 00:00:00,33.5,296.875,2.0,295.40833
863,2086-12-16 12:00:00,33.5,296.875,2.0,292.78796
864,2087-01-16 12:00:00,33.5,296.875,2.0,292.89935
865,2087-02-15 00:00:00,33.5,296.875,2.0,291.04626
866,2087-03-16 12:00:00,33.5,296.875,2.0,290.64044
867,2087-04-16 00:00:00,33.5,296.875,2.0,293.57266
868,2087-05-16 12:00:00,33.5,296.875,2.0,295.96918
869,2087-06-16 00:00:00,33.5,296.875,2.0,297.85446
870,2087-07-16 12:00:00,33.5,296.875,2.0,300.38116
871,2087-08-16 12:00:00,33.5,296.875,2.0,301.98978
872,2087-09-16 00:00:00,33.5,296.875,2.0,300.24164
873,2087-10-16 12:00:00,33.5,296.875,2.0,297.2819
874,2087-11-16 00:00:00,33.5,296.875,2.0,294.14658
875,2087-12-16 12:00:00,33.5,296.875,2.0,291.833
876,2088-01-16 12:00:00,33.5,296.875,2.0,291.40164
877,2088-02-15 00:00:00,33.5,296.875,2.0,289.9762
878,2088-03-16 12:00:00,33.5,296.875,2.0,291.36783
879,2088-04-16 00:00:00,33.5,296.875,2.0,291.6636
880,2088-05-16 12:00:00,33.5,296.875,2.0,294.1604
881,2088-06-16 00:00:00,33.5,296.875,2.0,298.10764
882,2088-07-16 12:00:00,33.5,296.875,2.0,300.33896
883,2088-08-16 12:00:00,33.5,296.875,2.0,301.65115
884,2088-09-16 00:00:00,33.5,296.875,2.0,300.76825
885,2088-10-16 12:00:00,33.5,296.875,2.0,297.58823
886,2088-11-16 00:00:00,33.5,296.875,2.0,293.85855
887,2088-12-16 12:00:00,33.5,296.875,2.0,292.42575
888,2089-01-16 12:00:00,33.5,296.875,2.0,290.09045
889,2089-02-15 00:00:00,33.5,296.875,2.0,290.909
890,2089-03-16 12:00:00,33.5,296.875,2.0,290.039
891,2089-04-16 00:00:00,33.5,296.875,2.0,293.7474
892,2089-05-16 12:00:00,33.5,296.875,2.0,296.75745
893,2089-06-16 00:00:00,33.5,296.875,2.0,298.88593
894,2089-07-16 12:00:00,33.5,296.875,2.0,301.05405
895,2089-08-16 12:00:00,33.5,296.875,2.0,302.76877
896,2089-09-16 00:00:00,33.5,296.875,2.0,301.47806
897,2089-10-16 12:00:00,33.5,296.875,2.0,298.33344
898,2089-11-16 00:00:00,33.5,296.875,2.0,296.92194
899,2089-12-16 12:00:00,33.5,296.875,2.0,293.42444
900,2090-01-16 12:00:00,33.5,296.875,2.0,292.11975
901,2090-02-15 00:00:00,33.5,296.875,2.0,292.43845
902,2090-03-16 12:00:00,33.5,296.875,2.0,290.41873
903,2090-04-16 00:00:00,33.5,296.875,2.0,292.79337
904,2090-05-16 12:00:00,33.5,296.875,2.0,295.61386
905,2090-06-16 00:00:00,33.5,296.875,2.0,299.34875
906,2090-07-16 12:00:00,33.5,296.875,2.0,301.87152
907,2090-08-16 12:00:00,33.5,296.875,2.0,302.38168
908,2090-09-16 00:00:00,33.5,296.875,2.0,301.9413
909,2090-10-16 12:00:00,33.5,296.875,2.0,299.1464
910,2090-11-16 00:00:00,33.5,296.875,2.0,295.34256
911,2090-12-16 12:00:00,33.5,296.875,2.0,293.65436
912,2091-01-16 12:00:00,33.5,296.875,2.0,291.08835
913,2091-02-15 00:00:00,33.5,296.875,2.0,290.86365
914,2091-03-16 12:00:00,33.5,296.875,2.0,290.0364
915,2091-04-16 00:00:00,33.5,296.875,2.0,291.57507
916,2091-05-16 12:00:00,33.5,296.875,2.0,295.68878
917,2091-06-16 00:00:00,33.5,296.875,2.0,297.76465
918,2091-07-16 12:00:00,33.5,296.875,2.0,300.7964
919,2091-08-16 12:00:00,33.5,296.875,2.0,301.85345
920,2091-09-16 00:00:00,33.5,296.875,2.0,300.64398
921,2091-10-16 12:00:00,33.5,296.875,2.0,297.4831
922,2091-11-16 00:00:00,33.5,296.875,2.0,294.50467
923,2091-12-16 12:00:00,33.5,296.875,2.0,293.7905
924,2092-01-16 12:00:00,33.5,296.875,2.0,291.06506
925,2092-02-15 00:00:00,33.5,296.875,2.0,290.18674
926,2092-03-16 12:00:00,33.5,296.875,2.0,290.92078
927,2092-04-16 00:00:00,33.5,296.875,2.0,291.7359
928,2092-05-16 12:00:00,33.5,296.875,2.0,293.29205
929,2092-06-16 00:00:00,33.5,296.875,2.0,297.8041
930,2092-07-16 12:00:00,33.5,296.875,2.0,300.78854
931,2092-08-16 12:00:00,33.5,296.875,2.0,301.73508
932,2092-09-16 00:00:00,33.5,296.875,2.0,300.83514
933,2092-10-16 12:00:00,33.5,296.875,2.0,297.35965
934,2092-11-16 00:00:00,33.5,296.875,2.0,294.3999
935,2092-12-16 12:00:00,33.5,296.875,2.0,292.75018
936,2093-01-16 12:00:00,33.5,296.875,2.0,290.27487
937,2093-02-15 00:00:00,33.5,296.875,2.0,290.94415
938,2093-03-16 12:00:00,33.5,296.875,2.0,290.772
939,2093-04-16 00:00:00,33.5,296.875,2.0,291.979
940,2093-05-16 12:00:00,33.5,296.875,2.0,294.21866
941,2093-06-16 00:00:00,33.5,296.875,2.0,296.64706
942,2093-07-16 12:00:00,33.5,296.875,2.0,300.8406
943,2093-08-16 12:00:00,33.5,296.875,2.0,301.97562
944,2093-09-16 00:00:00,33.5,296.875,2.0,300.92508
945,2093-10-16 12:00:00,33.5,296.875,2.0,297.62958
946,2093-11-16 00:00:00,33.5,296.875,2.0,295.92242
947,2093-12-16 12:00:00,33.5,296.875,2.0,291.6235
948,2094-01-16 12:00:00,33.5,296.875,2.0,290.20697
949,2094-02-15 00:00:00,33.5,296.875,2.0,291.2118
950,2094-03-16 12:00:00,33.5,296.875,2.0,290.88486
951,2094-04-16 00:00:00,33.5,296.875,2.0,292.22046
952,2094-05-16 12:00:00,33.5,296.875,2.0,295.15756
953,2094-06-16 00:00:00,33.5,296.875,2.0,297.44916
954,2094-07-16 12:00:00,33.5,296.875,2.0,300.81882
955,2094-08-16 12:00:00,33.5,296.875,2.0,302.37057
956,2094-09-16 00:00:00,33.5,296.875,2.0,301.0917
957,2094-10-16 12:00:00,33.5,296.875,2.0,299.2675
958,2094-11-16 00:00:00,33.5,296.875,2.0,295.5722
959,2094-12-16 12:00:00,33.5,296.875,2.0,292.4044
960,2095-01-16 12:00:00,33.5,296.875,2.0,290.58002
961,2095-02-15 00:00:00,33.5,296.875,2.0,292.39124
962,2095-03-16 12:00:00,33.5,296.875,2.0,291.20996
963,2095-04-16 00:00:00,33.5,296.875,2.0,291.74258
964,2095-05-16 12:00:00,33.5,296.875,2.0,293.4076
965,2095-06-16 00:00:00,33.5,296.875,2.0,297.4749
966,2095-07-16 12:00:00,33.5,296.875,2.0,300.3508
967,2095-08-16 12:00:00,33.5,296.875,2.0,302.4857
968,2095-09-16 00:00:00,33.5,296.875,2.0,300.29056
969,2095-10-16 12:00:00,33.5,296.875,2.0,298.46802
970,2095-11-16 00:00:00,33.5,296.875,2.0,295.63806
971,2095-12-16 12:00:00,33.5,296.875,2.0,293.0863
972,2096-01-16 12:00:00,33.5,296.875,2.0,291.34552
973,2096-02-15 00:00:00,33.5,296.875,2.0,289.95773
974,2096-03-16 12:00:00,33.5,296.875,2.0,291.31436
975,2096-04-16 00:00:00,33.5,296.875,2.0,292.46042
976,2096-05-16 12:00:00,33.5,296.875,2.0,295.55188
977,2096-06-16 00:00:00,33.5,296.875,2.0,297.59372
978,2096-07-16 12:00:00,33.5,296.875,2.0,301.03708
979,2096-08-16 12:00:00,33.5,296.875,2.0,302.55185
980,2096-09-16 00:00:00,33.5,296.875,2.0,300.76083
981,2096-10-16 12:00:00,33.5,296.875,2.0,298.22485
982,2096-11-16 00:00:00,33.5,296.875,2.0,296.1493
983,2096-12-16 12:00:00,33.5,296.875,2.0,294.02454
984,2097-01-16 12:00:00,33.5,296.875,2.0,290.92633
985,2097-02-15 00:00:00,33.5,296.875,2.0,290.91885
986,2097-03-16 12:00:00,33.5,296.875,2.0,290.25797
987,2097-04-16 00:00:00,33.5,296.875,2.0,292.92795
988,2097-05-16 12:00:00,33.5,296.875,2.0,293.6774
989,2097-06-16 00:00:00,33.5,296.875,2.0,298.1181
990,2097-07-16 12:00:00,33.5,296.875,2.0,301.29276
991,2097-08-16 12:00:00,33.5,296.875,2.0,302.76852
992,2097-09-16 00:00:00,33.5,296.875,2.0,301.76913
993,2097-10-16 12:00:00,33.5,296.875,2.0,300.7988
994,2097-11-16 00:00:00,33.5,296.875,2.0,296.08832
995,2097-12-16 12:00:00,33.5,296.875,2.0,291.9785
996,2098-01-16 12:00:00,33.5,296.875,2.0,291.6367
997,2098-02-15 00:00:00,33.5,296.875,2.0,291.23972
998,2098-03-16 12:00:00,33.5,296.875,2.0,290.79916
999,2098-04-16 00:00:00,33.5,296.875,2.0,292.68823
1000,2098-05-16 12:00:00,33.5,296.875,2.0,295.29422
1001,2098-06-16 00:00:00,33.5,296.875,2.0,298.0938
1002,2098-07-16 12:00:00,33.5,296.875,2.0,300.8123
1003,2098-08-16 12:00:00,33.5,296.875,2.0,302.3146
1004,2098-09-16 00:00:00,33.5,296.875,2.0,300.76523
1005,2098-10-16 12:00:00,33.5,296.875,2.0,299.21747
1006,2098-11-16 00:00:00,33.5,296.875,2.0,296.1933
1007,2098-12-16 12:00:00,33.5,296.875,2.0,292.5704
1008,2099-01-16 12:00:00,33.5,296.875,2.0,292.69504
1009,2099-02-15 00:00:00,33.5,296.875,2.0,290.54584
1010,2099-03-16 12:00:00,33.5,296.875,2.0,290.91437
1011,2099-04-16 00:00:00,33.5,296.875,2.0,293.50833
1012,2099-05-16 12:00:00,33.5,296.875,2.0,295.7083
1013,2099-06-16 00:00:00,33.5,296.875,2.0,298.20264
1014,2099-07-16 12:00:00,33.5,296.875,2.0,301.29153
1015,2099-08-16 12:00:00,33.5,296.875,2.0,302.91336
1016,2099-09-16 00:00:00,33.5,296.875,2.0,302.1591
1017,2099-10-16 12:00:00,33.5,296.875,2.0,299.059
1018,2099-11-16 00:00:00,33.5,296.875,2.0,296.18295
1019,2099-12-16 12:00:00,33.5,296.875,2.0,293.32352
1020,2100-01-16 12:00:00,33.5,296.875,2.0,291.6856
1021,2100-02-15 00:00:00,33.5,296.875,2.0,291.20724
1022,2100-03-16 12:00:00,33.5,296.875,2.0,291.8835
1023,2100-04-16 00:00:00,33.5,296.875,2.0,293.5637
1024,2100-05-16 12:00:00,33.5,296.875,2.0,295.9068
1025,2100-06-16 00:00:00,33.5,296.875,2.0,299.1799
1026,2100-07-16 12:00:00,33.5,296.875,2.0,300.83014
1027,2100-08-16 12:00:00,33.5,296.875,2.0,302.4251
1028,2100-09-16 00:00:00,33.5,296.875,2.0,300.85672
1029,2100-10-16 12:00:00,33.5,296.875,2.0,299.1878
1030,2100-11-16 00:00:00,33.5,296.875,2.0,295.9112
1031,2100-12-16 12:00:00,33.5,296.875,2.0,293.43845
